{
  "resourceType": "ImplementationGuide",
  "id": "smart.who.int.dak-pnc",
  "meta": {
    "profile": [
      "SMARTImplementationGuide"
    ]
  },
  "url": "http://smart.who.int/dak-pnc/ImplementationGuide/smart.who.int.dak-pnc",
  "version": "0.9.9",
  "name": "DAKPnc",
  "title": "SMART DAK PNC",
  "status": "active",
  "publisher": "WHO",
  "contact": [
    {
      "name": "WHO",
      "telecom": [
        {
          "system": "url",
          "value": "http://who.int"
        }
      ]
    }
  ],
  "description": "SMART DAK for postnatal care (PNC)",
  "packageId": "smart.who.int.dak-pnc",
  "fhirVersion": [
    "4.0.1"
  ],
  "dependsOn": [
    {
      "packageId": "smart.who.int.base",
      "version": "0.1.0",
      "uri": "http://smart.who.int/base/ImplementationGuide/smart.who.int.base",
      "id": "smart_who_int_base"
    }
  ],
  "definition": {
    "resource": [],
    "page": {
      "nameUrl": "toc.html",
      "title": "Table of Contents",
      "generation": "html",
      "page": [
        {
          "nameUrl": "index.html",
          "title": "Home",
          "generation": "markdown",
          "page": [
            {
              "nameUrl": "changes.html",
              "title": "Changes",
              "generation": "markdown"
            },
            {
              "nameUrl": "dependencies.html",
              "title": "Dependencies",
              "generation": "markdown"
            },
            {
              "nameUrl": "references.html",
              "title": "References",
              "generation": "markdown"
            },
            {
              "nameUrl": "adapting.html",
              "title": "Adapting Guidelines for Country use",
              "generation": "markdown"
            },
            {
              "nameUrl": "license.html",
              "title": "License",
              "generation": "markdown"
            }
          ]
        },
        {
          "nameUrl": "business-requirements.html",
          "title": "Business Requirements",
          "generation": "markdown",
          "page": [
            {
              "nameUrl": "concepts.html",
              "title": "Concepts",
              "generation": "markdown"
            },
            {
              "nameUrl": "personas.html",
              "title": "Generic Personas",
              "generation": "markdown"
            },
            {
              "nameUrl": "scenarios.html",
              "title": "User Scenarios",
              "generation": "markdown"
            },
            {
              "nameUrl": "business-processes.html",
              "title": "Business Processes",
              "generation": "markdown"
            },
            {
              "nameUrl": "dictionary.html",
              "title": "Data Dictionary",
              "generation": "markdown"
            },
            {
              "nameUrl": "decision-logic.html",
              "title": "Decision-support logic",
              "generation": "markdown"
            },
            {
              "nameUrl": "indicators.html",
              "title": "Indicator and Performance Metrics",
              "generation": "markdown"
            },
            {
              "nameUrl": "functional-requirements.html",
              "title": "Functional Requirements",
              "generation": "markdown"
            },
            {
              "nameUrl": "non-functional-requirements.html",
              "title": "Non-functional Requirements",
              "generation": "markdown"
            },
            {
              "nameUrl": "system-requirements.html",
              "title": "System Requirements",
              "generation": "markdown"
            }
          ]
        },
        {
          "nameUrl": "data-models-and-exchange.html",
          "title": "Data Models and Exchange",
          "generation": "markdown",
          "page": [
            {
              "nameUrl": "system-actors.html",
              "title": "System Actors",
              "generation": "markdown"
            },
            {
              "nameUrl": "sequence-diagrams.html",
              "title": "Sequence Diagrams",
              "generation": "markdown"
            },
            {
              "nameUrl": "transactions.html",
              "title": "Transactions",
              "generation": "markdown"
            },
            {
              "nameUrl": "indicators-measures.html",
              "title": "Indicators and Measures",
              "generation": "markdown"
            },
            {
              "nameUrl": "codings.html",
              "title": "Codings",
              "generation": "markdown"
            }
          ]
        },
        {
          "nameUrl": "deployment.html",
          "title": "Deployment",
          "generation": "markdown",
          "page": [
            {
              "nameUrl": "security-privacy.html",
              "title": "Security and Privacy Considerations",
              "generation": "markdown"
            },
            {
              "nameUrl": "testing.html",
              "title": "Testing",
              "generation": "markdown"
            },
            {
              "nameUrl": "test-data.html",
              "title": "Test Data",
              "generation": "markdown"
            },
            {
              "nameUrl": "reference-implementations.html",
              "title": "Reference Implementations",
              "generation": "markdown"
            },
            {
              "nameUrl": "trust_domain.html",
              "title": "Trust Domains",
              "generation": "markdown"
            },
            {
              "nameUrl": "downloads.html",
              "title": "Downloads",
              "generation": "markdown"
            }
          ]
        },
        {
          "nameUrl": "indices.html",
          "title": "Indices",
          "generation": "markdown",
          "page": [
            {
              "nameUrl": "artifacts.html",
              "title": "Artifact Index",
              "generation": "html"
            },
            {
              "nameUrl": "maps.html",
              "title": "Mappings",
              "generation": "markdown"
            }
          ]
        }
      ]
    },
    "parameter": [
      {
        "code": "copyrightyear",
        "value": "2023+"
      },
      {
        "code": "releaselabel",
        "value": "release"
      },
      {
        "code": "path-pages",
        "value": "input/dictionary"
      },
      {
        "code": "path-pages",
        "value": "input/decision-logic"
      },
      {
        "code": "path-pages",
        "value": "input/business-processes"
      },
      {
        "code": "path-pages",
        "value": "input/scheduling-logic"
      },
      {
        "code": "path-pages",
        "value": "input/indicators"
      },
      {
        "code": "path-pages",
        "value": "input/system-requirements"
      },
      {
        "code": "path-pages",
        "value": "input/testing"
      }
    ]
  }
}
