{
  "date" : "Fri, 11 Jul, 2025 09:28:21 +0200",
  "doco" : "For each file: start is seconds after start activity occurred. Length = milliseconds activity took",
  "files" : [
    {
      "name" : "\\fsh-generated\\resources\\ImplementationGuide-smart.who.int.dak-pnc.json",
      "size" : 7069,
      "processes" : [
        {
          "activity" : "load",
          "start" : 27,
          "length" : 51
        },
        {
          "activity" : "generateNarratives",
          "start" : 28,
          "length" : 174
        },
        {
          "activity" : "validate",
          "start" : 28,
          "length" : 12347
        },
        {
          "activity" : "generate1",
          "start" : 41,
          "length" : 103
        },
        {
          "activity" : "generate2",
          "start" : 42,
          "length" : 101
        },
        {
          "activity" : "generateValidationPack",
          "start" : 61,
          "length" : 2
        },
        {
          "activity" : "scanExamplesForR5",
          "start" : 68,
          "length" : 1
        }
      ]
    }
  ]
}
