{
  "date" : "Thu, 07 Aug, 2025 22:30:49 +0200",
  "doco" : "For each file: start is seconds after start activity occurred. Length = milliseconds activity took",
  "files" : [
    {
      "name" : "\\fsh-generated\\resources\\ImplementationGuide-smart.who.int.dak-pnc.json",
      "size" : 7069,
      "processes" : [
        {
          "activity" : "load",
          "start" : 63,
          "length" : 90
        },
        {
          "activity" : "checkR4R4B",
          "start" : 63,
          "length" : 25
        },
        {
          "activity" : "generateNarratives",
          "start" : 63,
          "length" : 354
        },
        {
          "activity" : "validate",
          "start" : 64,
          "length" : 54069
        },
        {
          "activity" : "scanForUsageStats",
          "start" : 118,
          "length" : 1
        },
        {
          "activity" : "generate1",
          "start" : 118,
          "length" : 226
        },
        {
          "activity" : "generate2",
          "start" : 121,
          "length" : 133
        },
        {
          "activity" : "generateValidationPack",
          "start" : 164,
          "length" : 16
        },
        {
          "activity" : "scanExamplesForR5",
          "start" : 180,
          "length" : 5
        }
      ]
    }
  ]
}
