{
  "url" : "http://smart.who.int/dak-pnc/ImplementationGuide/smart.who.int.dak-pnc",
  "name" : "DAKPnc",
  "title" : "SMART DAK PNC",
  "description" : "SMART DAK for postnatal care (PNC)",
  "status" : "active",
  "package-id" : "smart.who.int.dak-pnc",
  "ig-ver" : "0.9.9",
  "date" : "Thu, 07 Aug, 2025 22:30:49 +0200",
  "dateISO8601" : "2025-08-07T22:30:49+02:00",
  "errs" : 2,
  "warnings" : 7,
  "hints" : 0,
  "suppressed-hints" : 0,
  "suppressed-warnings" : 0,
  "version" : "4.0.1",
  "tool" : "5.0.0 (3)",
  "maxMemory" : 1583228616
}
