<?xml version="1.0" encoding="UTF-8"?><Bundle xmlns="http://hl7.org/fhir"><type value="collection"/><entry><resource><OperationOutcome><issue><extension url="http://hl7.org/fhir/StructureDefinition/operationoutcome-issue-source"><valueString value="Publisher"/></extension><severity value="warning"/><code value="not-found"/><details><text value="The HTML fragment 'ip-statements.xhtml' is not included anywhere in the produced implementation guide"/></details><expression value="1"/></issue><issue><extension url="http://hl7.org/fhir/StructureDefinition/operationoutcome-issue-source"><valueString value="Publisher"/></extension><severity value="warning"/><code value="not-found"/><details><text value="An HTML fragment from the set [cross-version-analysis.xhtml, cross-version-analysis-inline.xhtml] is not included anywhere in the produced implementation guide"/></details><expression value="2"/></issue><issue><extension url="http://hl7.org/fhir/StructureDefinition/operationoutcome-issue-source"><valueString value="Publisher"/></extension><severity value="warning"/><code value="not-found"/><details><text value="An HTML fragment from the set [dependency-table.xhtml, dependency-table-short.xhtml, dependency-table-nontech.xhtml] is not included anywhere in the produced implementation guide"/></details><expression value="3"/></issue><issue><extension url="http://hl7.org/fhir/StructureDefinition/operationoutcome-issue-source"><valueString value="Publisher"/></extension><severity value="warning"/><code value="not-found"/><details><text value="The HTML fragment 'globals-table.xhtml' is not included anywhere in the produced implementation guide"/></details><expression value="4"/></issue></OperationOutcome></resource></entry><entry><resource><OperationOutcome><extension url="http://hl7.org/fhir/StructureDefinition/operationoutcome-file"><valueString value="C:\work\ig-pub_utils\release-pub\temp\ig-builds\smart.who.int.dak-pnc#0.9.9\fsh-generated\resources\ImplementationGuide-smart.who.int.dak-pnc"/></extension><issue><extension url="http://hl7.org/fhir/StructureDefinition/operationoutcome-issue-line"><valueInteger value="1"/></extension><extension url="http://hl7.org/fhir/StructureDefinition/operationoutcome-issue-col"><valueInteger value="113"/></extension><extension url="http://hl7.org/fhir/StructureDefinition/operationoutcome-issue-source"><valueString value="InstanceValidator"/></extension><extension url="http://hl7.org/fhir/StructureDefinition/operationoutcome-message-id"><valueCode value="TYPE_SPECIFIC_CHECKS_CANONICAL_ABSOLUTE"/></extension><severity value="error"/><code value="invalid"/><details><text value="Canonical URLs must be absolute URLs if they are not fragment references (SMARTImplementationGuide)"/></details><expression value="ImplementationGuide/smart.who.int.dak-pnc: ImplementationGuide.meta.profile[0]"/></issue><issue><extension url="http://hl7.org/fhir/StructureDefinition/operationoutcome-issue-line"><valueInteger value="1"/></extension><extension url="http://hl7.org/fhir/StructureDefinition/operationoutcome-issue-col"><valueInteger value="113"/></extension><extension url="http://hl7.org/fhir/StructureDefinition/operationoutcome-issue-source"><valueString value="InstanceValidator"/></extension><extension url="http://hl7.org/fhir/StructureDefinition/operationoutcome-message-id"><valueCode value="TYPE_SPECIFIC_CHECKS_DT_CANONICAL_RESOLVE"/></extension><severity value="warning"/><code value="invalid"/><details><text value="A definition could not be found for Canonical URL 'SMARTImplementationGuide'"/></details><expression value="ImplementationGuide/smart.who.int.dak-pnc: ImplementationGuide.meta.profile[0]"/></issue><issue><extension url="http://hl7.org/fhir/StructureDefinition/operationoutcome-issue-line"><valueInteger value="1"/></extension><extension url="http://hl7.org/fhir/StructureDefinition/operationoutcome-issue-col"><valueInteger value="18776"/></extension><extension url="http://hl7.org/fhir/StructureDefinition/operationoutcome-issue-source"><valueString value="InstanceValidator"/></extension><extension url="http://hl7.org/fhir/StructureDefinition/operationoutcome-message-id"><valueCode value="Validation_VAL_Profile_Minimum"/></extension><severity value="error"/><code value="structure"/><details><text value="ImplementationGuide.definition.resource: minimum required = 1, but only found 0 (from http://hl7.org/fhir/StructureDefinition/ImplementationGuide|4.0.1)"/></details><expression value="ImplementationGuide/smart.who.int.dak-pnc: ImplementationGuide.definition"/></issue><issue><extension url="http://hl7.org/fhir/StructureDefinition/operationoutcome-issue-line"><valueInteger value="1"/></extension><extension url="http://hl7.org/fhir/StructureDefinition/operationoutcome-issue-col"><valueInteger value="2163"/></extension><extension url="http://hl7.org/fhir/StructureDefinition/operationoutcome-issue-source"><valueString value="InstanceValidator"/></extension><extension url="http://hl7.org/fhir/StructureDefinition/operationoutcome-message-id"><valueCode value="IG_DEPENDENCY_VERSION_WARNING_OLD"/></extension><severity value="warning"/><code value="business-rule"/><details><text value="The ImplementationGuide uses package smart.who.int.base#0.1.0 released on 2024-09-20, but the most recent appropriate version is 0.2.0. This reference is getting old and the more recent version should be considered"/></details><expression value="ImplementationGuide/smart.who.int.dak-pnc: ImplementationGuide.dependsOn[2]"/></issue><issue><extension url="http://hl7.org/fhir/StructureDefinition/operationoutcome-issue-line"><valueInteger value="1"/></extension><extension url="http://hl7.org/fhir/StructureDefinition/operationoutcome-issue-col"><valueInteger value="18777"/></extension><extension url="http://hl7.org/fhir/StructureDefinition/operationoutcome-issue-source"><valueString value="InstanceValidator"/></extension><extension url="http://hl7.org/fhir/StructureDefinition/operationoutcome-message-id"><valueCode value="VALIDATION_VAL_PROFILE_UNKNOWN_NOT_POLICY"/></extension><severity value="warning"/><code value="structure"/><details><text value="Profile reference 'SMARTImplementationGuide' has not been checked because it could not be found, and the validator is set to not fetch unknown profiles"/></details><expression value="ImplementationGuide/smart.who.int.dak-pnc: ImplementationGuide.meta.profile[0]"/></issue></OperationOutcome></resource></entry></Bundle>